category,product_id
915,160417810
915,197170229
915,4382605
915,94850989
915,90961454
915,117583109
915,58587472
915,55163582
915,138750990
915,164011222
915,178785868
915,41654783
915,188916571
915,115955390
915,3714997
915,179161990
915,183682463
915,160556315
915,196184514
915,176769589
915,191390806
915,24864749
915,139002166
915,125996824
915,89631305
915,125784347
915,125068679
915,109956995
915,57758774
915,106714415
915,159382275
915,146289287
915,163552063
915,178577763
915,15992824
915,194086931
915,7189521
915,110948866
915,141109930
915,107338883
915,113233457
915,66683004
915,181113990
915,75945178
915,100868615
915,59556296
915,176217605
915,87094676
915,19639438
915,197675716
915,163896997
915,13629284
915,157152306
915,76240075
915,92807600
915,195192891
915,31202048
915,131174597
915,67201856
915,174001966
915,72747384
915,111990270
915,169621343
915,186292205
915,75358011
915,193976862
915,190154616
915,130029611
915,160407346
915,193322207
915,107324722
915,165995243
915,90078837
915,174024710
915,151801291
915,52198192
915,20735027
915,86724843
915,34148045
915,118900403
915,101656788
915,138381315
915,23453145
915,105735946
915,183734155
915,194130690
915,15137091
915,261979385
915,181566777
915,108223146
915,71171098
915,151843234
915,253721932
915,124863665
915,85086748
915,252859876
915,201359185
915,155766553
915,20991311
915,124748904
915,57979142
915,76705070
915,184073425
915,134380574
915,104064765
915,132809513
915,4359739
915,7707691
915,101861199
915,68938308
915,189467654
915,54762609
915,186358872
915,98642412
915,37650433
915,272079971
915,95053766
915,186190450
915,76558432
915,85086742
915,107411611
915,7823134
17166,190320464
17166,191004714
17166,217629952
17166,200833114
17166,197139763
17166,209568752
17166,204601749
17166,115902462
17166,7917860
17166,17965475
17166,213864768
17166,214774935
17166,200735975
17166,198764725
17166,213714540
17166,113954381
17166,170692846
17166,151548619
17166,176304381
17166,109437991
17166,217614202
17166,196009626
17166,190322226
17166,189594348
17166,189603947
17166,109435197
17166,102428769
17166,192709820
17166,98967658
17166,17970237
17166,2043735
17166,113209079
17166,176463031
17166,170695688
17166,113401672
17166,93470489
17166,273115068
17166,17966869
17166,52834154
17166,114051039
17166,190320464
17166,163159382
17166,17966282
17166,7917827
17166,7917829
17166,112018071
17166,11573139
17166,190229589
17166,109435783
17166,185329850
17166,46442360
17166,17965467
17166,11777090
17166,17966855
17166,95535945
17166,191004714
17166,217629952
17166,200833114
17166,197139763
17166,213864768
17166,17970192
17166,112015377
17166,170610748
17166,18011335
17166,163163704
17166,214774935
17166,200735975
17166,198764725
17166,213714540
17166,217614202
17166,109164938
17166,189573294
17166,51200834
17166,100267511
17166,162105083
17166,190322226
17166,196009626
17166,189594348
17166,189603947
17166,220666621
17166,170625647
17166,46334965
17166,18011391
17166,186579292
17166,262340916
17166,271502310
17166,206067140
17166,97503440
17166,95540241
17166,271600257
17166,101226400
17166,111287818
17166,161030316
17166,161036131
17166,162156987
17166,272487474
17166,170678248
17166,18011331
17166,51200716
17166,200833114
17166,95648852
17166,134441362
17166,262326983
17166,190172014
17166,11778902
17166,95720463
17166,271773634
17166,111067221
17166,77721918
17166,249652226
17166,170693069
17166,7917830
17166,11777049
17166,191004714
17166,190468483
17166,170625037
17166,17970235
17166,170704473
17166,46353107
17166,46352165
17166,11504729
17166,94366242
17166,147559384
17166,113407876
17166,95718600
17166,113356599
17166,189705994
17166,269898273
17166,95382679
17166,98029417
17166,207675905
17166,170694262
17166,113408460
17166,205254924
17166,162124438
17166,170722326
17166,113486419
17166,147169491
17166,168188868
17166,17970189
17166,184412812
17166,177496878
17166,170625575
17166,52837911
17166,175886807
17166,174400347
17166,175886322
17166,169018565
17166,110303517
17166,95728714
17166,11466602
17166,170625593
17166,170661823
17166,193773917
17166,252017349
17166,115286437
17166,112016134
17166,95729051
17166,184951515
17166,17968980
17166,135229882
17166,191268792
17166,168184685
17166,188976683
17166,170726435
17166,95367701
17166,59222616
17166,112016001
17166,184995159
17166,51200738
17166,7917818
17166,11714322
17166,178787714
17166,170656768
17166,17968918
17166,185341219
17166,134550925
17166,113196512
17166,11504677
17166,11544637
17166,58727623
17166,97752364
17166,95717077
17166,174056370
17166,109442478
17166,109442075
17166,101290844
17166,253061544
17166,76387786
17166,46388483
17166,183348763
17166,250524150
17166,71050514
17166,95724020
17166,192905839
17166,174053711
17166,207544082
17166,130305995
17166,165215929
17166,175843768
17166,207697138
17166,205629251
17166,94980218
17166,111389931
17166,96327718
17166,108784363
17166,272925686
17166,248443855
17166,109435147
17166,104520506
17166,116465184
17166,230134944
17166,189290871
17166,253267320
17166,170042469
17166,191281216
17166,113953883
17166,95716633
17166,116562718
17166,170725207
17166,170706578
17166,163282613
17166,99503195
17166,166340437
17166,112019024
17166,95711037
17166,190737880
17166,95722181
17166,176223242
17166,17970181
17166,97483028
17166,57527989
17166,179422388
17166,190701473
17166,170269089
17166,170578660
17166,176066133
17166,97437783
17166,116471864
17166,51382485
17166,126022004
17166,141115826
17166,177733986
17166,76174257
17166,189506590
17166,95723532
17166,108226029
17166,11471978
17166,174222565
17166,177667069
17166,230137526
17166,51201613
17166,189281656
17166,116462758
17166,110301546
17166,46351495
17166,170671632
17166,10764061
17166,11504829
17166,94974552
17166,99615367
17166,130382827
17166,116422852
17166,51206254
17166,165085487
17166,55972431
17166,101289789
17166,111066051
17166,111304062
17166,52653105
17166,146553822
17166,11844285
17166,46329976
17166,176763376
17166,147187974
17166,230302107
17166,94978815
17166,165221607
17166,76174953
17166,108603307
17166,149897161
17166,51380831
17166,11778281
17166,76517544
17166,189351064
17166,229967545
17166,52843346
17166,252502393
17166,198481936
17166,76235627
17166,205627464
17166,94959059
17166,205668748
17166,108604328
17166,104417785
17166,204411380
17166,196025794
17166,176112032
17166,252032735
17166,170649679
17166,108511475
17166,181266933
17166,10756812
17166,174027200
17166,96357561
17166,252271878
17166,120769126
17166,51211495
17166,253275501
17166,108778020
17166,204602235
17166,189275238
17166,164333219
17166,111688026
17166,93494771
17166,248916639
17166,123523440
17166,11385039
17166,176760042
17166,136470054
17166,98043755
17166,172631307
17166,11863524
17166,254882217
17166,122144232
17166,173744100
17166,170698954
17166,179583877
17166,109441943
17166,142628179
17166,114421363
17166,271913537
17166,197332784
17166,94980431
17166,160398010
17166,99093414
17166,130383736
17166,112591516
17166,107856580
17166,189518445
17166,252241874
17166,165218603
17166,124252410
17166,184506576
17166,97507707
17166,181253762
17166,170726415
17166,189561742
17166,253488772
17166,249067890
17166,176420359
17166,99537939
17166,97372950
17166,168145534
17166,116463968
17166,164494543
17166,51226132
17166,164295601
17166,147483811
17166,209601415
17166,176784883
17166,165218940
17166,177281296
17166,122157480
17166,179121866
17166,55223103
17166,78892405
17166,130089543
17166,135098463
17166,95992774
17166,173738558
17166,94384257
17166,115932998
17166,94926698
17166,51205656
17166,177061791
17166,101854419
17166,210446642
17166,98044227
17166,96344508
17166,175840992
17166,116560117
17166,181376976
17166,46340393
17166,113201930
17166,120769363
17166,113781201
17166,147525512
17166,98571770
17166,100451982
17166,109698648
17166,94919773
17166,115285272
17166,113937943
17166,113938697
17166,46427665
17166,270931572
17166,206679305
17166,230324493
17166,230195629
17166,207720561
17166,159427816
17166,253491858
17166,76302648
17166,171046655
17166,11779410
17166,95874719
17166,51685927
17166,110301618
17166,177886461
17166,270938204
17166,99667392
17166,249663141
17166,168666676
17166,99688749
17166,170705019
17166,96482962
17166,180294580
17166,96384517
17166,120766947
17166,94303573
17166,93542824
17166,186366168
17166,136469595
17166,115282986
17166,170037264
17166,272266514
17166,96709599
17166,207973236
17166,11778986
1846,38323087
1846,271770232
1846,272209403
1846,93166195
1846,187770519
1846,138481685
1846,17967481
1846,38323087
1846,16667097
1846,76030024
1846,709035
1846,174039456
1846,270308242
1846,134561311
1846,203213313
1846,134641513
1846,618526
1846,74561661
1846,54439144
1846,179550020
1846,74883580
1846,174593821
1846,511960
1846,58116278
1846,44012580
1846,74975883
1846,52373199
1846,16572969
1846,53704413
1846,43973407
1846,247241481
1846,2121583
1846,77516386
1846,80799408
1846,17620717
1846,26314426
1846,3054369
1846,8608925
1846,416613
1846,456510
1846,87036279
1846,134561311
1846,25319983
1846,46634155
1846,76054860
1846,189371737
1846,169695798
1846,146012358
1846,189371238
1846,74559331
1846,56248606
1846,44012580
1846,48607335
1846,102156839
1846,708026
1846,271770232
1846,10001351
1846,10001373
1846,10001326
1846,98847675
1846,87034145
1846,143105681
1846,58257520
1846,17904749
1846,17611318
1846,10001384
1846,10001369
1846,10001357
1846,10001382
1846,31408491
1846,459733
1846,56067914
1846,197241284
1846,459201
1846,10001351
1846,2130041
1846,197190455
1846,107361127
1846,187770519
1846,86143010
1846,28078365
1846,247241493
1846,10001373
1846,618461
1846,10001326
1846,57666163
1846,54839622
1846,456506
1846,10001357
1846,13335150
1846,419322
1846,51845073
1846,53254176
1846,112131582
1846,10001369
1846,754249
1846,10001384
1846,9979633
1846,191629807
1846,75990687
1846,15333970
1846,416978
1846,15348322
1846,52192246
1846,10001382
1846,137805214
1846,2903577
1846,41446843
1846,174593821
1846,186136234
1846,16305404
1846,107360880
1846,7490967
1846,11252598
1846,67911084
1846,76283023
1846,52368889
1846,100625195
1846,8428670
1846,19589179
1846,167932609
1846,14370763
1846,88265782
1846,73312665
1846,140107134
1846,70944880
1846,7668907
1846,143741572
1846,74561265
1846,77605790
1846,78020993
1846,25318830
1846,192206541
1846,59251056
1846,93294232
1846,15356062
1846,20907214
1846,86123397
1846,2130041
1846,566867
1846,192208694
1846,109347126
1846,73666130
1846,53181542
1846,53056161
1846,67480516
1846,6910261
1846,51970596
1846,32246331
1846,14469139
1846,7458771
1846,58116278
1846,173164642
1846,25962819
1846,419320
1846,107058325
1846,6711831
1846,12071716
1846,71062304
1846,12404568
1846,12404603
1846,575388
1846,806672
1846,171869909
1846,416911
1846,416990
1846,136558
1846,14606621
1846,8095982
1846,20637413
1846,79316248
1846,26029837
1846,66930382
1846,110055062
1846,85682080
1846,29837913
1846,11407472
1846,53257028
1846,455445
1846,16308170
1846,190315447
1846,187392403
1846,754245
1846,561924
1846,47514139
1846,43932082
1846,110948705
1846,72680847
1846,46757834
1846,3831591
1846,143714177
1846,161538112
1846,15270539
1846,10001324
1846,155112505
1846,97990990
1846,15351084
1846,15352821
1846,764198
1846,12404601
1846,51352620
1846,74311543
1846,182308659
1846,100615783
1846,8114282
1846,110736166
1846,42126872
1846,9845151
1846,68308284
1846,121063802
1846,16138710
1846,58667989
1846,15668735
1846,63140411
1846,26274900
1846,21056582
1846,26315122
1846,58677681
1846,24366737
1846,10143147
1846,447634
1846,174029994
1846,21337589
1846,459739
1846,134840301
1846,55576273
1846,97829401
1846,16387290
1846,95064608
1846,67619329
1846,8315202
1846,10001349
1846,116577418
1846,76198752
1846,121064379
1846,27579312
1846,171233466
1846,7130317
1846,20580167
1846,207253074
1846,134559638
1846,63183906
1846,120462061
1846,806744
1846,50231082
1846,192139887
1846,34979704
1846,465219
1846,22555481
1846,67235516
1846,188947985
1846,108845575
1846,113331097
1846,142782679
1846,20858273
1846,16106838
1846,9344705
1846,16605218
1846,86297296
1846,184126135
1846,456497
1846,35603100
1846,107579921
1846,51987865
1846,171233483
1846,46178917
1846,32118160
1846,185174097
1846,17954263
1846,33164951
1846,97991447
1846,49275935
1846,140834291
1846,66779679
1846,96707403
1846,589301
1846,149485922
1846,491431
1846,71062970
1846,100535624
1846,25975534
1846,91258445
1846,456503
1846,14235571
1846,17904891
1846,8398179
1846,95266695
1846,21446830
1846,11199569
1846,98232983
1846,561953
1846,34317808
1846,7597707
1846,103791477
1846,58879476
1846,75995177
1846,138315900
1846,120533324
1846,10566733
1846,6539103
1846,24801234
1846,44012841
1846,58669073
1846,165667261
1846,26691653
1846,78971647
1846,58056491
1846,174056847
1846,417018
1846,273828162
1846,130048539
1846,141356532
1846,77915998
1846,62731979
1846,25763044
1846,68828151
1846,56986166
1846,21477056
1846,10001367
1846,171796455
1846,171233775
1846,78965941
1846,169198565
1846,8089082
1846,117200363
1846,101901207
1846,21089128
1846,16397909
1846,110958103
1846,509716
1846,113395502
1846,112331214
1846,195656317
1846,273395255
1846,207754682
1846,98900531
1846,12481716
1846,127776665
1846,34159103
1846,13644564
1846,23557774
1846,91191518
1846,42561598
1846,8637995
1846,1823413
1846,55662979
1846,52054902
1846,77105849
1846,556922
1846,700901
1846,11194805
1846,2902221
1846,50772516
1846,22883541
1846,575519
1846,10697849
1846,57628754
1846,82842188
1846,203213313
1846,2302081
1846,32308294
1846,74547151
1846,191689321
1846,192010844
1846,6909331
1846,103354831
1846,181361806
1846,67861239
1846,7117761
1846,150672784
1846,82842177
1846,53086261
1846,459629
1846,67991056
1846,51729979
1846,134360974
1846,10827914
1846,25184004
1846,14524994
1846,95564265
1846,582268
1846,24896690
1846,491455
1846,162617728
1846,205741562
1846,55658260
1846,75649461
1846,26708071
1846,173969491
1846,204428582
1846,14188608
1846,10000124
1846,229695678
1846,185944336
1846,704169
1846,419310
1846,56190273
1846,63080281
1846,72741594
1846,186391678
1846,57140400
1846,191089410
1846,179509249
1846,459842
1846,16303736
1846,8240482
1846,10001359
1846,511960
1846,52053395
1846,72042710
1846,179539838
1846,1402715
1846,16610279
1846,120484511
1846,40547505
1846,70689205
1846,59502158
1846,14996837
1846,17473989
1846,68600962
1846,174257120
1846,709035
1846,23012379
1846,55843196
1846,120553752
1846,41215981
1846,8314996
1846,20704481
1846,171233670
1846,26061584
1686,262680811
1686,74988388
1686,75031062
1686,158777449
1686,79580500
1686,257326416
1686,136541078
1686,72570436
1686,44969160
1686,13744574
1686,174448862
1686,76825864
1686,158777211
1686,262680740
1686,70896020
1686,14885304
1686,42920863
1686,43035743
1686,45224922
1686,186677573
1686,174469157
1686,271397219
1686,180227933
1686,262679771
1686,72300569
1686,107801401
1686,49278142
1686,65778681
1686,72047658
1686,143421590
1686,107801586
1686,46756039
1686,49077109
1686,73546672
1686,85315634
1686,107801417
1686,77136056
1686,134773001
1686,174448862
1686,107801997
1686,79228515
1686,13614868
1686,59056036
1686,72842338
1686,95011333
1686,138503988
1686,158693555
1686,134739207
1686,111231648
1686,125876830
1686,115779836
1686,167653057
1686,11507760
1686,98153125
1686,159887971
1686,262680811
1686,74988388
1686,75031062
1686,158777449
1686,174468189
1686,168789100
1686,151562289
1686,73478101
1686,51430313
1686,174468189
1686,74858728
1686,79580500
1686,76825864
1686,158777211
1686,262680740
1686,50713232
1686,45968195
1686,127379903
1686,100150491
1686,73247696
1686,174448862
1686,180227933
1686,70896020
1686,174469157
1686,271397219
1686,31649352
1686,51477254
1686,115872494
1686,174437687
1686,26666649
1686,87012869
1686,7386965
1686,7997237
1686,74858728
1686,253059954
1686,107802030
1686,107801396
1686,197529507
1686,180227933
1686,158777449
1686,82443736
1686,104438584
1686,145454918
1686,107801904
1686,27769016
1686,126257712
1686,107801490
1686,125874036
1686,41077713
1686,194454092
1686,103781168
1686,138492571
1686,27769036
1686,167889817
1686,168303230
1686,6579831
1686,8193848
1686,75031062
1686,191363362
1686,158640993
1686,76827077
1686,158740892
1686,168953188
1686,156216385
1686,85969100
1686,111719679
1686,184819594
1686,269902414
1686,10099614
1686,134744983
1686,158810802
1686,176037199
1686,105539362
1686,169313309
1686,161490177
1686,55487851
1686,8123461
1686,66929553
1686,183275875
1686,191684851
1686,2747873
1686,191650844
1686,164073814
1686,124274788
1686,191592683
1686,155701266
1686,168213506
1686,109064375
1686,127379646
1686,53454698
1686,166494943
1686,141315541
1686,136117893
1686,98297314
1686,187547435
1686,191693335
1686,179060048
1686,167002852
1686,107233238
1686,150339814
1686,110696274
1686,48226182
1686,48491216
1686,101265416
1686,191717216
1686,177962520
1686,168384560
1686,133234738
1686,169573532
1686,168789250
1686,115869286
1686,6187285
1686,7997276
1686,132372134
1686,192927412
1686,126144478
1686,107801954
1686,157416584
1686,59254597
1686,250128113
1686,92137013
1686,126257972
1686,125781244
1686,164209222
1686,125874421
1686,22956625
1686,11740403
1686,144588177
1686,207380100
1686,247936407
1686,19382631
1686,113215403
1686,204821191
1686,248635212
1686,21792670
1686,43400034
1686,96313719
1686,171536034
1686,179911873
1686,159314323
1686,57512036
1686,173432175
1686,7997318
1686,76383441
1686,101291470
1686,179445693
1686,170107451
1686,181108076
1686,12122426
1686,161393183
1686,6137325
1686,60193369
1686,152387452
1686,73354133
1686,7995297
1686,115902722
1686,192708078
1686,196336942
1686,148677121
1686,7349821
1686,191757320
1686,80950221
1686,66558475
1686,8128209
1686,161393133
1686,82647253
1686,126258408
1686,173609650
1686,48319377
1686,48316320
1686,59451920
1686,53305817
1686,171196824
1686,7977159
1686,100420464
1686,5207281
1686,167489058
1686,171422657
1686,197647651
1686,115768069
1686,20007807
1686,32753038
1686,47141598
1686,83925994
1686,153793126
1686,76466969
1686,97585552
1686,116819208
1686,20238342
1686,55750878
1686,127347733
1686,15427693
1686,74683108
1686,100420520
1686,17047309
1686,161393064
1686,55715962
1686,66510946
1686,75620024
1686,161408675
1686,186909238
1686,170741559
1686,6137251
1686,7975961
1686,204415924
1686,129653671
1686,134708659
1686,115848596
1686,72824775
1686,133236001
1686,158972054
1686,79580500
1686,173347793
1686,102798406
1686,82914259
1686,185340016
1686,107561105
1686,150789018
1686,107801509
1686,197686748
1686,8176039
1686,49082456
1686,273102699
1686,134652690
1686,28739841
1686,107253279
1686,102798110
1686,71948369
1686,168946336
1686,191649163
1686,73180722
1686,161978534
1686,107801406
1686,89591885
1686,177827466
1686,179060465
1686,189683567
1686,57731985
1686,25662103
1686,168789067
1686,168789113
1686,179060748
1686,171535414
1686,21681400
1686,27769078
1686,55745928
1686,96052064
1686,153257960
1686,53380039
1686,101292327
1686,104616397
1686,107801412
1686,107801648
1686,67293999
1686,75666708
1686,161393162
1686,125876751
1686,169865725
1686,38410780
1686,167012865
1686,150881574
1686,168800335
1686,149780222
1686,49551859
1686,175966113
1686,143363032
1686,146391642
1686,7995643
1686,7997300
1686,183525013
1686,76266916
1686,49165075
1686,73324895
1686,38393285
1686,49165215
1686,22929950
1686,134757898
1686,101301227
1686,126155424
1686,71646697
1686,145431289
1686,131032038
1686,101655614
1686,75448966
1686,178010970
1686,58894777
1686,47141251
1686,171535210
1686,73101711
1686,91379871
1686,26666303
1686,8407712
1686,110993474
1686,111000550
1686,100420737
1686,144179403
1686,182605522
1686,122711907
1686,167649371
1686,182317373
1686,77135977
1686,193054945
1686,167934910
1686,5469215
1686,47908667
1686,173347767
1686,161979489
1686,47896033
1686,179912209
1686,96069708
1686,6132855
1686,172581808
1686,125732767
1686,3239231
1686,171193582
1686,54991869
1686,177947419
1686,107801612
1686,149780263
1686,191636295
1686,125874349
1686,161496880
1686,38410801
1686,105523135
1686,250335110
1686,7303617
1686,119720901
1686,9809487
1686,126303957
1686,172457050
1686,55032368
1686,167935940
1686,75329130
1686,171009850
1686,105523603
1686,270680866
1686,98837601
1686,58704904
1686,161393149
1686,195283840
1686,129351813
1686,169865129
1686,249025134
1686,115852451
1686,14235967
1686,177662569
1686,8512482
1686,247944872
1686,171535303
1686,137822550
1686,155694547
1686,7995370
1686,105779273
1686,142349843
1686,9809445
1686,105522481
1686,66928888
1686,134754200
1686,101291459
1686,115848886
1686,70896020
1686,138184305
1686,215474236
1686,177164344
1686,179505528
1686,168789208
1686,101291346
1686,120169480
1686,177845164
1686,129352203
1686,82494072
1686,144512424
1686,192138446
1686,15316856
1686,158777211
4221,270981273
4221,213741550
4221,213771896
4221,271489948
4221,271477784
4221,110791834
4221,94306609
4221,142851720
4221,144121288
4221,4374799
4221,271478301
4221,253096064
4221,251889890
4221,249667127
4221,249384538
4221,3218533
4221,28324610
4221,162750934
4221,93289795
4221,119194548
4221,213741091
4221,270976595
4221,270141414
4221,253096068
4221,271488482
4221,33075647
4221,49989931
4221,11230151
4221,33233321
4221,54349904
4221,20113013
4221,34862764
4221,123548101
4221,58086409
4221,112055567
4221,216866986
4221,109111691
4221,6498249
4221,91272439
4221,97823773
4221,12441864
4221,126702028
4221,112636044
4221,109190689
4221,119194341
4221,153027455
4221,4315713
4221,16069502
4221,32505959
4221,23171265
4221,43951419
4221,49291897
4221,35546717
4221,257843948
4221,72748642
4221,270981273
4221,213741550
4221,213771896
4221,271489948
4221,271477784
4221,118537278
4221,29601707
4221,169271401
4221,102683224
4221,195917220
4221,271478301
4221,253096064
4221,251889890
4221,249667127
4221,249384538
4221,92165762
4221,51518382
4221,1376291
4221,96347307
4221,13743101
4221,213741091
4221,270976595
4221,270141414
4221,253096068
4221,271488482
4221,50560420
4221,123547549
4221,126702092
4221,216402685
4221,52780228
4221,174375243
4221,137859886
4221,113048561
4221,47101594
4221,9381544
4221,32414731
4221,155113398
4221,98164252
4221,33425754
4221,50560441
4221,56910041
4221,97904406
4221,196049994
4221,11664604
4221,73829670
4221,171580680
4221,123548222
4221,162105434
4221,136666493
4221,241736479
4221,123547771
4221,15972213
4221,249258555
4221,46691906
4221,19401965
4221,43813180
4221,76527754
4221,235368932
4221,120032201
4221,115934736
4221,3519947
4221,756761
4221,65439712
4221,152752966
4221,123547597
4221,179748097
4221,168373053
4221,73180273
4221,171574649
4221,51842523
4221,204063064
4221,126702199
4221,205988756
4221,169277358
4221,136825940
4221,73100107
4221,96347175
4221,97791366
4221,59494168
4221,173243640
4221,251254434
4221,145761987
4221,103392307
4221,72613545
4221,119195282
4221,55464528
4221,10949871
4221,263401390
4221,216232335
4221,215915365
4221,73169653
4221,16033028
4221,130828000
4221,188974314
4221,130829661
4221,216332892
4221,49607755
4221,68760491
4221,87180717
4221,17908150
4221,154496269
4221,123367112
4221,75538697
4221,119791273
4221,195971791
4221,181447376
4221,57763181
4221,144681292
4221,132285708
4221,82642046
4221,74909416
4221,187844324
4221,16876822
4221,4794557
4221,184828915
4221,44857400
4221,20624245
4221,184038884
4221,253097850
4221,127346977
4221,89637523
4221,16871899
4221,73642204
4221,51436880
4221,1953951
4221,216225796
4221,43236855
4221,26487804
4221,6489923
4221,7633108
4221,21154149
4221,12310317
4221,142864101
4221,118053307
4221,42741703
4221,188049923
4221,43775227
4221,3564301
4221,180925030
4221,13900074
4221,113048213
4221,130436818
4221,193550882
4221,225267211
4221,28619068
4221,121027141
4221,119194373
4221,119823032
4221,4175491
4221,91272464
4221,14620479
4221,48549296
4221,177609910
4221,155021733
4221,16878549
4221,77117751
4221,12691597
4221,162152249
4221,178264538
4221,178331228
4221,42192494
4221,44216153
4221,14904488
4221,116191967
4221,215985768
4221,35457980
4221,124897098
4221,122421389
4221,162736014
4221,53639843
4221,192377628
4221,16966889
4221,173616934
4221,184080977
4221,131390794
4221,126702180
4221,50560418
4221,162736034
4221,119193184
4221,91272462
4221,45430926
4221,72954000
4221,126701953
4221,24789224
4221,23172601
4221,98992088
4221,126701897
4221,109571880
4221,91512898
4221,70631732
4221,119822990
4221,128354082
4221,162736038
4221,178058680
4221,11598981
4221,216087176
4221,23468514
4221,104806285
4221,15817458
4221,136389671
4221,94998010
4221,217139619
4221,105378126
4221,44036957
4221,4191787
4221,74571266
4221,25410861
4221,68359249
4221,53245166
4221,72957322
4221,828429
4221,114078635
4221,189658693
4221,17589148
4221,44018311
4221,10003165
4221,86155652
4221,100458166
4221,126701927
4221,12737229
4221,119088803
4221,163475533
4221,216205097
4221,174310364
4221,37130119
4221,174309159
4221,106059507
4221,45209285
4221,56720370
4221,13943889
4221,46221893
4221,35911550
4221,118208821
4221,126702268
4221,263956152
4221,46209324
4221,37028355
4221,67173516
4221,247370814
4221,68778590
4221,118053157
4221,26103614
4221,20775561
4221,114924880
4221,24744778
4221,35339652
4221,31826288
4221,135038957
4221,153982448
4221,68697181
4221,273080928
4221,271246722
4221,162736028
4221,185243462
4221,161256706
4221,102108753
4221,56077032
4221,194206920
4221,11598616
4221,133885322
4221,548549
4221,101969577
4221,84843182
4221,53300368
4221,55824912
4221,171447474
4221,104822599
4221,131526180
4221,121949604
4221,1025096
4221,74561247
4221,3716571
4221,1954105
4221,73784133
4221,178058672
4221,130743442
4221,24783004
4221,72728404
4221,107368771
4221,184067936
4221,145825542
4221,828431
4221,68836577
4221,29114376
4221,196770019
4221,73252501
4221,123602222
4221,138777696
4221,15672319
4221,125273723
4221,13568365
4221,91272600
4221,543061
4221,120918182
4221,133141498
4221,53296097
4221,109668336
4221,195478783
4221,543062
4221,14904115
4221,77749481
4221,215981655
4221,74529030
4221,72872343
4221,91753094
4221,93066052
4221,93159118
4221,246897095
4221,272556285
4221,162358396
4221,74198357
4221,155283547
4221,91272463
4221,197572104
4221,130829757
4221,68124460
4221,138831256
4221,184081923
4221,20623659
4221,130828513
4221,13541150
4221,213701862
4221,891422
4221,36996482
4221,4192861
4221,184304829
4221,459524
4221,46614660
4221,76366460
4221,77774900
4221,115679935
4221,126702016
4221,151489089
4221,94999228
4221,102088301
4221,11510490
4221,174369476
4221,39311015
4221,31823982
4221,114696020
4221,230368598
4221,20521557
4221,133810420
4221,50560433
4221,12724684
4221,50590603
4221,126702197
4221,34465326
4221,126701921
4221,459562
4221,169277333
4221,112944289
4221,104807176
4221,119054153
4221,75626438
4221,271848173
4221,91100406
4221,188276075
4221,144684151
4221,91272440
4221,70217588
4221,46695151
4221,178268021
4221,153535636
4221,74526984
4221,130832153
4221,185696633
4221,74038072
4221,76394751
4221,55543490
4221,178058668
4221,174311813
4221,174371501
4221,184488225
4221,120218600
1703,272723148
1703,68634180
1703,271860285
1703,272355986
1703,75529256
1703,43118520
1703,108747100
1703,28590683
1703,133617832
1703,162027539
1703,68635403
1703,108747100
1703,271855959
1703,92161380
1703,273643880
1703,110140477
1703,92161380
1703,32726343
1703,161943939
1703,158631445
1703,17898018
1703,178470868
1703,273380732
1703,273355838
1703,22010630
1703,103940142
1703,20117907
1703,86860057
1703,70175132
1703,197419814
1703,31593583
1703,71027758
1703,209305648
1703,105159478
1703,68857080
1703,43126126
1703,120970633
1703,28731166
1703,107801529
1703,88979578
1703,205304619
1703,32859444
1703,58570646
1703,197643943
1703,138662070
1703,54354661
1703,103879065
1703,180999168
1703,140573000
1703,21040605
1703,71680262
1703,55060972
1703,20235117
1703,195536360
1703,72640100
1703,272723148
1703,68634180
1703,271860285
1703,272355986
1703,75529256
1703,187188390
1703,47293616
1703,72851806
1703,107667053
1703,92714065
1703,68635403
1703,271855959
1703,178470868
1703,273643880
1703,17898018
1703,189266374
1703,11333235
1703,148932524
1703,149969265
1703,141490261
1703,273380732
1703,273355838
1703,22010630
1703,108747100
1703,270511075
1703,107675669
1703,144180250
1703,180323823
1703,41805495
1703,177482245
1703,54362596
1703,179912338
1703,177481291
1703,195465100
1703,104438755
1703,177772693
1703,50182055
1703,153471990
1703,106605092
1703,178470868
1703,57382862
1703,186070378
1703,192135155
1703,106901880
1703,74301261
1703,177642266
1703,179911875
1703,177325627
1703,179792578
1703,77715686
1703,46760225
1703,56377212
1703,98069554
1703,151489262
1703,28737579
1703,71681207
1703,143799896
1703,80849903
1703,159437923
1703,188487235
1703,59207075
1703,168282118
1703,126090214
1703,57760484
1703,24843053
1703,97103083
1703,22388687
1703,125098879
1703,17045199
1703,225933557
1703,197674887
1703,197668980
1703,172077680
1703,15000222
1703,193889750
1703,188486981
1703,98070256
1703,83193759
1703,187313016
1703,174002469
1703,108842429
1703,120169186
1703,100262159
1703,197674469
1703,125777196
1703,40826513
1703,263573922
1703,6777839
1703,169438698
1703,127379023
1703,52240877
1703,77875157
1703,148935410
1703,191511012
1703,48995616
1703,49305671
1703,137847124
1703,198430922
1703,22896307
1703,117684998
1703,52275306
1703,58328906
1703,96075099
1703,52240827
1703,91030021
1703,177164437
1703,177750603
1703,155370273
1703,36978601
1703,36979068
1703,185851758
1703,66494165
1703,31716333
1703,39271997
1703,20536328
1703,1998767
1703,48930886
1703,153515458
1703,91818473
1703,130168794
1703,197668786
1703,207024183
1703,57711487
1703,15879754
1703,127379464
1703,197641791
1703,11782941
1703,92716237
1703,13330144
1703,132820926
1703,191500752
1703,197516391
1703,8641346
1703,85095162
1703,126092809
1703,52252644
1703,14879780
1703,125021600
1703,107801853
1703,50449568
1703,96011452
1703,125098644
1703,168105736
1703,48995625
1703,57712064
1703,126122201
1703,56747495
1703,85137283
1703,195465015
1703,136939244
1703,179748936
1703,203784610
1703,19761110
1703,21788290
1703,177553640
1703,263041569
1703,55863950
1703,2601613
1703,2600431
1703,262657611
1703,271480920
1703,88231624
1703,269952092
1703,116623618
1703,20495958
1703,201802592
1703,244750140
1703,58867435
1703,160887203
1703,81207012
1703,244691260
1703,47861741
1703,82483535
1703,8176621
1703,49260363
1703,115715354
1703,59210030
1703,88085770
1703,192134637
1703,59114379
1703,105523746
1703,117683054
1703,177827445
1703,149528459
1703,47190687
1703,23166857
1703,137253757
1703,31680508
1703,32403650
1703,193539394
1703,76826323
1703,104664037
1703,52239789
1703,177772987
1703,22968792
1703,192135635
1703,72837801
1703,102397631
1703,190792597
1703,50193735
1703,42980065
1703,75355491
1703,186740283
1703,14040365
1703,171198162
1703,117683244
1703,119620675
1703,207729949
1703,55120294
1703,44174042
1703,56721044
1703,84196932
1703,26738046
1703,115715843
1703,74300815
1703,193614748
1703,83479559
1703,129436031
1703,37703250
1703,36979369
1703,104681438
1703,97103260
1703,153257821
1703,52236446
1703,151952867
1703,180380358
1703,184101307
1703,8005161
1703,106546363
1703,155024071
1703,66499993
1703,44784540
1703,148935453
1703,188565226
1703,192772454
1703,66563614
1703,193878434
1703,37719201
1703,76225151
1703,225933315
1703,73476846
1703,153259051
1703,108035443
1703,32113867
1703,125099350
1703,32183606
1703,50493199
1703,187396210
1703,192287200
1703,168228817
1703,169372118
1703,24935035
1703,133235317
1703,59465312
1703,157062466
1703,177793665
1703,146235133
1703,105631085
1703,95013392
1703,127378961
1703,143858681
1703,170069022
1703,137253920
1703,105524509
1703,67852066
1703,65993260
1703,17898018
1703,86963159
1703,83480711
1703,225933641
1703,203937286
1703,32737711
1703,51297276
1703,128086059
1703,125781034
1703,56681799
1703,109347133
1703,125099673
1703,19984182
1703,128087865
1703,133431963
1703,180380379
1703,50360158
1703,205178729
1703,152047531
1703,71027401
1703,186553880
1703,148932554
1703,59234438
1703,59211695
1703,76289908
1703,22969322
1703,48995794
1703,109347533
1703,115263791
1703,200772589
1703,61005076
1703,153472009
1703,59527266
1703,54159849
1703,193927194
1703,192134369
1703,122302168
1703,141500349
1703,51400704
1703,193878917
1703,20638254
1703,91010827
1703,114252931
1703,99462355
1703,141474397
1703,92555066
1703,248977575
1703,106889202
1703,49264013
1703,2730205
1703,115769483
1703,190759720
1703,187386074
1703,195464769
1703,171812308
1703,115769916
1703,59211327
1703,106552818
1703,93269077
1703,36980153
1703,270123060
1703,187375766
1703,84880140
1703,91255452
1703,91833129
1703,41231757
1703,179912149
1703,27170796
1703,186740219
1703,90670189
1703,108563064
1703,104267648
1703,50493091
1703,125098597
1703,177873484
1703,148935522
1703,114880748
1703,192134946
1703,63468302
1703,25389174
1703,82918341
1703,193597303
1703,105522235
1703,126126861
1703,51523248
1703,91254419
1703,104793449
1703,142263703
1703,195528473
1703,195232747
1703,56842769
1703,195874991
1703,192287977
1703,96227011
1703,137253877
1703,178958445
1703,92024524
1703,193771398
1703,77926784
1703,144236060
1703,106876783
1703,52275051
1703,76385061
1703,105522030
1703,150859356
1703,106583924
1703,117685111
1703,75557643
1703,176144959
1801,41319582
1801,74500335
1801,70774508
1801,242644479
1801,225272503
1801,74500335
1801,41319582
1801,46462092
1801,47030777
1801,107356974
1801,187623126
1801,7521387
1801,262885226
1801,57269609
1801,70823292
1801,84866683
1801,381162
1801,242618146
1801,117076592
1801,135839773
1801,193922240
1801,23839834
1801,114964724
1801,113359107
1801,24442797
1801,28324579
1801,74610299
1801,75664666
1801,150633868
1801,162227436
1801,194140440
1801,7546725
1801,195863820
1801,187637105
1801,127834480
1801,193717163
1801,85764360
1801,72556060
1801,103995541
1801,5899427
1801,111466126
1801,142796515
1801,170400691
1801,32923633
1801,26434415
1801,155288624
1801,153998709
1801,112287864
1801,116903572
1801,263987622
1801,102125538
1801,174896487
1801,183689560
1801,106661426
1801,134840290
1801,41319582
1801,70774508
1801,242644479
1801,74500335
1801,225272503
1801,154259057
1801,101760232
1801,48316743
1801,20589215
1801,5849439
1801,187623126
1801,7521387
1801,262885226
1801,57269609
1801,70823292
1801,18005129
1801,125161875
1801,122576548
1801,68460397
1801,71043508
1801,193922240
1801,23839834
1801,114964724
1801,113359107
1801,24442797
1801,111483922
1801,242618399
1801,135319386
1801,74381816
1801,167333992
1801,15266469
1801,2566051
1801,111873498
1801,7017509
1801,14144756
1801,242618602
1801,117486463
1801,190520210
1801,121080291
1801,13406602
1801,7253209
1801,49227944
1801,194140778
1801,177770713
1801,100103994
1801,24766023
1801,26305965
1801,46729607
1801,109088187
1801,95064446
1801,122569956
1801,145180531
1801,28326998
1801,5452277
1801,50569192
1801,90835786
1801,107611553
1801,253190631
1801,142217257
1801,159482551
1801,58984014
1801,199631218
1801,110255755
1801,111484283
1801,210886294
1801,242644479
1801,173570812
1801,12321426
1801,19583872
1801,44801520
1801,153860641
1801,2416333
1801,29339417
1801,52341716
1801,13984365
1801,2596899
1801,4688897
1801,56416440
1801,194139957
1801,20712070
1801,111850128
1801,13407305
1801,40757037
1801,13335028
1801,7176411
1801,148713428
1801,38089568
1801,104070115
1801,197614953
1801,53089354
1801,82983828
1801,180239300
1801,10086966
1801,99428673
1801,193509839
1801,179965482
1801,54478250
1801,4755347
1801,217720306
1801,50570089
1801,113500071
1801,9799302
1801,173856725
1801,21477656
1801,75640644
1801,186103396
1801,184649752
1801,15851215
1801,16645022
1801,271248861
1801,32836957
1801,14072222
1801,263454463
1801,129078637
1801,4727509
1801,2566013
1801,44014086
1801,272268455
1801,20737732
1801,25761647
1801,34718232
1801,199972877
1801,20053400
1801,55960558
1801,13670608
1801,158477449
1801,236361201
1801,133233964
1801,122520891
1801,121329289
1801,261811289
1801,8715424
1801,15267069
1801,79911353
1801,145304628
1801,197627906
1801,13149286
1801,12362456
1801,97589228
1801,4688947
1801,4364947
1801,110564348
1801,110846231
1801,5849615
1801,15380161
1801,44911333
1801,22360529
1801,96805675
1801,134958321
1801,194130039
1801,5950363
1801,109034736
1801,8877900
1801,19931032
1801,14585382
1801,129519025
1801,197120194
1801,50391461
1801,10001479
1801,130785879
1801,94652965
1801,21329314
1801,247891902
1801,4727109
1801,41527610
1801,15797692
1801,28240413
1801,202904152
1801,32021463
1801,73640620
1801,154490322
1801,179072413
1801,155997522
1801,52355000
1801,113427448
1801,19768246
1801,19494327
1801,4739281
1801,151500674
1801,176712220
1801,13755844
1801,208555687
1801,114272862
1801,10144230
1801,41499593
1801,26091489
1801,159313516
1801,14104462
1801,155996927
1801,19987491
1801,134409547
1801,4738203
1801,847472
1801,263347839
1801,72802363
1801,162386652
1801,125935587
1801,3480917
1801,37121009
1801,110750429
1801,14088945
1801,20425053
1801,159271060
1801,184771570
1801,11478050
1801,71907846
1801,3307279
1801,19920071
1801,212083871
1801,106888042
1801,107666729
1801,22610647
1801,2533161
1801,195864060
1801,54023404
1801,5950457
1801,28326201
1801,68417073
1801,186209400
1801,143181730
1801,1751291
1801,94688168
1801,4713035
1801,110050409
1801,73554242
1801,39325978
1801,81209881
1801,23838887
1801,14072065
1801,140465983
1801,147469295
1801,124963960
1801,34723316
1801,166503275
1801,190708716
1801,37944329
1801,68769369
1801,247421211
1801,75514029
1801,197548082
1801,120053370
1801,7783307
1801,7634857
1801,13697766
1801,56714697
1801,14578165
1801,203998105
1801,14536798
1801,247419129
1801,10020487
1801,19986634
1801,2419567
1801,141271391
1801,57624790
1801,50779427
1801,187036472
1801,75660376
1801,271963754
1801,16342887
1801,4713289
1801,57652540
1801,33078123
1801,252065908
1801,169502518
1801,5899501
1801,26062659
1801,176227854
1801,103996506
1801,153921048
1801,196265020
1801,170267665
1801,270266974
1801,197719893
1801,20260205
1801,21921714
1801,107182831
1801,75696942
1801,242643936
1801,140901324
1801,415071
1801,43107996
1801,158496289
1801,4688759
1801,32593849
1801,124966122
1801,4707653
1801,188111182
1801,35795143
1801,17912455
1801,155997744
1801,4707367
1801,32649468
1801,108055235
1801,4820975
1801,68541040
1801,17926831
1801,225209269
1801,104100268
1801,45839546
1801,108243589
1801,25648528
1801,96753197
1801,14142567
1801,2566045
1801,7089529
1801,108255418
1801,188927018
1801,32189703
1801,197154629
1801,17594807
1801,116725291
1801,50774028
1801,137938921
1801,58978540
1801,40774656
1801,50586067
1801,461038
1801,58002233
1801,110367842
1801,183031980
1801,114789403
1801,77495869
1801,15267455
1801,270463168
1801,49557238
1801,171238992
1801,14241430
1801,19986509
1801,71045829
1801,210762212
1801,70907552
1801,273439734
1801,7252155
1801,14116498
1801,10806848
1801,80414389
1801,193213654
1801,54346139
1801,33532473
1801,189476700
1801,73612703
1801,57049049
1801,50565962
1801,116724113
1801,117347971
1801,80439308
1801,154139553
1801,271848449
1801,127463373
1801,2570683
1801,12331769
1801,124658327
1801,249967525
1801,212086843
1801,140646244
1801,1760987
1801,114447811
1801,21022062
1801,64672917
1801,646649
1801,191891454
1801,146592424
1801,95064547
1801,182565450
1801,5950575
1801,177767447
1801,66117818
1801,106585620
1801,151492634
1801,19990101
1801,15927484
1801,181502353
1801,171320328
1801,461040
1801,217782312
27498,183726169
27498,27630237
27498,96284920
27498,696293
27498,199268991
27498,19720244
27498,89478859
27498,52758100
27498,174378832
27498,124860727
27498,96189574
27498,74638277
27498,198883538
27498,186094194
27498,9359515
27498,133765419
27498,28326979
27498,73568379
27498,188848409
27498,183498218
27498,163572920
27498,93925594
27498,96189571
27498,225174525
27498,198868716
27498,165917606
27498,186359438
27498,174380872
27498,142538263
27498,132829040
27498,51057943
27498,160370208
27498,178952359
27498,103759208
27498,4213901
27498,273867988
27498,103857606
27498,67139433
27498,91291870
27498,70656443
27498,4260047
27498,177945773
27498,181773412
27498,184591051
27498,188858809
27498,59303157
27498,100973511
27498,187581474
27498,52758433
27498,145466494
27498,195113801
27498,58332431
27498,189215794
27498,34261311
27498,58163346
27498,183726169
27498,27630237
27498,96284920
27498,696293
27498,199268991
27498,48867441
27498,139701052
27498,78973260
27498,273185241
27498,35420355
27498,96189574
27498,74638277
27498,198883538
27498,186094194
27498,9359515
27498,87093158
27498,74743103
27498,83359866
27498,169641329
27498,57999755
27498,163572920
27498,93925594
27498,96189571
27498,225174525
27498,198868716
27498,143488008
27498,92911325
27498,162189772
27498,164021689
27498,16519989
27498,194860234
27498,191489615
27498,174376514
27498,3712423
27498,109776986
27498,137960010
27498,191693411
27498,107783759
27498,58362048
27498,100347074
27498,183685137
27498,95673758
27498,117492265
27498,140843587
27498,19716248
27498,105736087
27498,112357404
27498,143022333
27498,172904600
27498,141232898
27498,164021724
27498,56262919
27498,41217788
27498,88792974
27498,165602471
27498,43105935
27498,33394879
27498,112440908
27498,273202672
27498,90870485
27498,173646408
27498,165602534
27498,181248509
27498,67909702
27498,120441681
27498,4562103
27498,109301225
27498,145232662
27498,159486311
27498,191644811
27498,87958881
27498,150604747
27498,144259235
27498,48757147
27498,148848703
27498,49214113
27498,183378555
27498,92911270
27498,100420828
27498,58046585
27498,157125323
27498,180851207
27498,97332403
27498,67538461
27498,183678934
27498,117677969
27498,114578930
27498,170511645
27498,154781103
27498,73330139
27498,26612260
27498,146952964
27498,90870296
27498,176024147
27498,42802416
27498,173096759
27498,42731328
27498,52580065
27498,16605414
27498,102888897
27498,230259545
27498,74217158
27498,181449243
27498,150332055
27498,170262631
27498,74495963
27498,75583448
27498,128327129
27498,155789821
27498,112937019
27498,73984173
27498,14486912
27498,195749420
27498,12727575
27498,119217005
27498,5516513
27498,205710422
27498,154781232
27498,4562083
27498,140807019
27498,190233623
27498,102889070
27498,26091206
27498,188381543
27498,112562057
27498,177548500
27498,105112268
27498,57300908
27498,145243741
27498,177163752
27498,49210060
27498,46160133
27498,165994967
27498,167524539
27498,87093174
27498,175432446
27498,163572502
27498,163572598
27498,16621985
27498,57941013
27498,116019075
27498,160299898
27498,141472642
27498,173617008
27498,165704958
27498,91969820
27498,168946130
27498,170507394
27498,44184176
27498,56262370
27498,69927219
27498,138283056
27498,140949115
27498,89662185
27498,75600980
27498,4562049
27498,186350307
27498,127346858
27498,184468806
27498,46118172
27498,168964983
27498,73778565
27498,189737740
27498,172939030
27498,182774290
27498,124248461
27498,105211556
27498,167605963
27498,84547035
27498,193368267
27498,72659361
27498,51510881
27498,186751623
27498,135072308
27498,113706385
27498,84594173
27498,86406730
27498,112526839
27498,53312074
27498,73463045
27498,67253977
27498,87430203
27498,184135793
27498,99670875
27498,173125715
27498,168501991
27498,36331865
27498,95862042
27498,167170967
27498,177559018
27498,125889039
27498,119925988
27498,122087985
27498,152345436
27498,171525891
27498,173097048
27498,23158198
27498,160894081
27498,73578124
27498,191490176
27498,35364467
27498,82959616
27498,127802803
27498,13884185
27498,263095802
27498,171805738
27498,187397526
27498,96298394
27498,64629151
27498,161208758
27498,172680850
27498,121227439
27498,249590031
27498,207813303
27498,162529963
27498,58337027
27498,126719220
27498,44381944
27498,59425731
27498,144333494
27498,53832550
27498,52420394
27498,167469163
27498,135726384
27498,52133939
27498,108007738
27498,180852562
27498,216559156
27498,43039803
27498,83618489
27498,97257194
27498,88785595
27498,72903153
27498,32429456
27498,74548356
27498,46644609
27498,50885562
27498,71116729
27498,162189812
27498,192346252
27498,157125390
27498,181782239
